<?xml version="1.0" encoding="UTF-8"?>
<!DOCTYPE mapper PUBLIC "-//mybatis.org//DTD Mapper 3.0//EN" "http://mybatis.org/dtd/mybatis-3-mapper.dtd">
<mapper namespace="cn.edu.zucc.lhr.ser.mapper.ActivityMapper">
    <!-- 通用查询映射结果 -->
    <resultMap id="ActivityMap" type="cn.edu.zucc.lhr.ser.entity.Activity">
        <result column="act_id" property="actId"/>
        <result column="soc_id" property="socId"/>
        <result column="act_name" property="actName"/>
        <result column="act_time" property="actTime"/>
        <result column="position" property="position"/>
        <result column="limit_count" property="limitCount"/>

    </resultMap>
</mapper>
